<?xml version="1.0" encoding="utf-8" ?>
<dwsync>
<file name="admin-styles.css" server="localpoint-cms.com//" local="129537985200000000" remote="129537985200000000" />
<file name="default_styles.css" server="localpoint-cms.com//" local="129568416600000000" remote="129568416600000000" />
<file name="layout-rtl.css" server="localpoint-cms.com//" local="129562407000000000" remote="129562407000000000" />
<file name="layout.css" server="localpoint-cms.com//" local="129603021000000000" remote="129603021000000000" />
<file name="styles.css" server="localpoint-cms.com//" local="129611392849729258" remote="129605563200000000" />
<file name="styles1.css" server="localpoint-cms.com//" local="129562177800000000" remote="129562177800000000" />
<file name="suckerfish.css" server="localpoint-cms.com//" local="129604713600000000" remote="129604713600000000" />
<file name="styles.css" server="ftp.localpoint-cms.com//" local="129611392849729258" remote="129605563200000000" />
<file name="styles.css" server="ftp.localpoint-cms.com//public_html/" local="129611392849729258" remote="129605563200000000" />
<file name="styles.css" server="ftp.localpoint-cms.com//home/lpcms/public_html/" local="129670205300260991" remote="129670207320000000" />
<file name="admin-styles.css" server="ftp.localpoint-cms.com//home/lpcms/public_html/" local="129537985200000000" remote="129618624160000000" />
<file name="default_styles.css" server="ftp.localpoint-cms.com//home/lpcms/public_html/" local="129568416600000000" remote="129618624180000000" />
<file name="layout-rtl.css" server="ftp.localpoint-cms.com//home/lpcms/public_html/" local="129562407000000000" remote="129618624280000000" />
<file name="layout.css" server="ftp.localpoint-cms.com//home/lpcms/public_html/" local="129654751545139113" remote="129654751640000000" />
<file name="styles1.css" server="ftp.localpoint-cms.com//home/lpcms/public_html/" local="129562177800000000" remote="129618624330000000" />
<file name="suckerfish.css" server="ftp.localpoint-cms.com//home/lpcms/public_html/" local="129620886529577140" remote="129620886590000000" />
<file name="suckerfish.css" server="ftp.localpoint-cms.com:2222//home/lpcms/public_html/" local="129671260420000000" remote="129671260420000000" />
<file name="styles.css" server="ftp.localpoint-cms.com:2222//home/lpcms/public_html/" local="129695429720000000" remote="129695429720000000" />
<file name="admin-styles.css" server="ftp.localpoint-cms.com:2222//home/lpcms/public_html/" local="129618624160000000" remote="129618624160000000" />
<file name="layout.css" server="ftp.localpoint-cms.com:2222//home/lpcms/public_html/" local="129654751640000000" remote="129654751640000000" />
<file name="default_styles.css" server="ftp.localpoint-cms.com:2222//home/lpcms/public_html/" local="129618624180000000" remote="129618624180000000" />
<file name="layout-rtl.css" server="ftp.localpoint-cms.com:2222//home/lpcms/public_html/" local="129618624280000000" remote="129618624280000000" />
<file name="styles1.css" server="ftp.localpoint-cms.com:2222//home/lpcms/public_html/" local="129618624330000000" remote="129618624330000000" />
<file name="styles.css" server="localpoint-cms.com:2222//home/lpcms/public_html/" local="129745390141764142" remote="129745390210000000" />
<file name="suckerfish.css" server="localpoint-cms.com:2222//home/lpcms/public_html/" local="129745385087054490" remote="129745385150000000" />
<file name="layout.css" server="localpoint-cms.com:2222//home/lpcms/public_html/" local="129733469960589454" remote="129733470010000000" />
<file name="gallerific.css" server="localpoint-cms.com:2222//home/lpcms/public_html/" local="129744718673620142" remote="129744718730000000" />
</dwsync>