<?xml version="1.0" encoding="utf-8" ?>
<dwsync>
<file name="first.png" server="ftp.localpoint-cms.com//home/lpcms/public_html/" local="129647918574806758" remote="129647922670000000" />
<file name="last.png" server="ftp.localpoint-cms.com//home/lpcms/public_html/" local="129647918718832203" remote="129647922680000000" />
<file name="next.png" server="ftp.localpoint-cms.com//home/lpcms/public_html/" local="129647918762569043" remote="129647922710000000" />
<file name="prev.png" server="ftp.localpoint-cms.com//home/lpcms/public_html/" local="129647918810679567" remote="129647922720000000" />
<file name="last.png" server="ftp.localpoint-cms.com:2222//home/lpcms/public_html/" local="129647922680000000" remote="129647922680000000" />
<file name="prev.png" server="ftp.localpoint-cms.com:2222//home/lpcms/public_html/" local="129647922720000000" remote="129647922720000000" />
<file name="next.png" server="ftp.localpoint-cms.com:2222//home/lpcms/public_html/" local="129647922710000000" remote="129647922710000000" />
<file name="first.png" server="ftp.localpoint-cms.com:2222//home/lpcms/public_html/" local="129647922670000000" remote="129647922670000000" />
</dwsync>