<?xml version="1.0" encoding="utf-8" ?>
<dwsync>
<file name="field.tpl.php" server="ftp.localpoint-cms.com//home/lpcms/public_html/" local="129587477400000000" remote="129654635260000000" />
<file name="node--rss_feeds.tpl.php" server="ftp.localpoint-cms.com//home/lpcms/public_html/" local="129645311703859187" remote="129654635700000000" />
<file name="block.tpl.php" server="ftp.localpoint-cms.com//home/lpcms/public_html/" local="129591540600000000" remote="129654635200000000" />
<file name="comment.tpl.php" server="ftp.localpoint-cms.com//home/lpcms/public_html/" local="129605539200000000" remote="129654635210000000" />
<file name="engadiner.jpg" server="ftp.localpoint-cms.com//home/lpcms/public_html/" local="129537985680000000" remote="129618624410000000" />
<file name="field--image_gallery.tpl.php" server="ftp.localpoint-cms.com//home/lpcms/public_html/" local="129582300600000000" remote="129654635220000000" />
<file name="field--rss_feeds.tpl.php" server="ftp.localpoint-cms.com//home/lpcms/public_html/" local="129645313192169012" remote="129654635240000000" />
<file name="field--taxonomy-term-reference.tpl.php" server="ftp.localpoint-cms.com//home/lpcms/public_html/" local="129537985200000000" remote="129654635250000000" />
<file name="genesis-base.png" server="ftp.localpoint-cms.com//home/lpcms/public_html/" local="129537985200000000" remote="129618624480000000" />
<file name="header.php" server="ftp.localpoint-cms.com//home/lpcms/public_html/" local="129611620987664106" remote="129654635270000000" />
<file name="html.tpl.php" server="ftp.localpoint-cms.com//home/lpcms/public_html/" local="129654648190571323" remote="129654648260000000" />
<file name="index.php" server="ftp.localpoint-cms.com//home/lpcms/public_html/" local="129610721400000000" remote="129618625200000000" />
<file name="menustyle.css" server="ftp.localpoint-cms.com//home/lpcms/public_html/" local="129537985200000000" remote="129654635620000000" />
<file name="node--basic_page.tpl.php" server="ftp.localpoint-cms.com//home/lpcms/public_html/" local="129586627200000000" remote="129654635640000000" />
<file name="node--featured_article.tpl.php" server="ftp.localpoint-cms.com//home/lpcms/public_html/" local="129596782800000000" remote="129654635650000000" />
<file name="node--forms.tpl.php" server="ftp.localpoint-cms.com//home/lpcms/public_html/" local="129545045400000000" remote="129654635660000000" />
<file name="node--image_gallery.tpl.php" server="ftp.localpoint-cms.com//home/lpcms/public_html/" local="129588325800000000" remote="129654635680000000" />
<file name="node--poll.tpl.php" server="ftp.localpoint-cms.com//home/lpcms/public_html/" local="129658139213253586" remote="129658139360000000" />
<file name="node.tpl.php" server="ftp.localpoint-cms.com//home/lpcms/public_html/" local="129657312391882744" remote="129657312450000000" />
<file name="page--forms.tpl.php" server="ftp.localpoint-cms.com//home/lpcms/public_html/" local="129651300119562568" remote="129654635740000000" />
<file name="page--image_gallery.tpl.php" server="ftp.localpoint-cms.com//home/lpcms/public_html/" local="129651300480003634" remote="129654635750000000" />
<file name="page--nosidebar.tpl.php" server="ftp.localpoint-cms.com//home/lpcms/public_html/" local="129651300639835108" remote="129654635760000000" />
<file name="page--user.tpl.php" server="ftp.localpoint-cms.com//home/lpcms/public_html/" local="129657207882437252" remote="129657207960000000" />
<file name="page.tpl.php" server="ftp.localpoint-cms.com//home/lpcms/public_html/" local="129652087355115205" remote="129654635890000000" />
<file name="search-block-form.tpl.php" server="ftp.localpoint-cms.com//home/lpcms/public_html/" local="129537985200000000" remote="129654635900000000" />
<file name="template.php" server="ftp.localpoint-cms.com//home/lpcms/public_html/" local="129657544108724222" remote="129657544300000000" />
<file name="theme-settings.php" server="ftp.localpoint-cms.com//home/lpcms/public_html/" local="129604678800000000" remote="129618625550000000" />
<file name="views-view.tpl.php" server="ftp.localpoint-cms.com//home/lpcms/public_html/" local="129591566400000000" remote="129657504900000000" />
<file name="page--album.tpl.php" server="ftp.localpoint-cms.com//home/lpcms/public_html/" local="129665120769533647" remote="129665120840000000" />
<file name="header1.php" server="ftp.localpoint-cms.com//home/lpcms/public_html/" local="129652258914940382" remote="129654635290000000" />
<file name="maintenance-page.tpl.php" server="ftp.localpoint-cms.com//home/lpcms/public_html/" local="129626993367379453" remote="129654635610000000" />
<file name="page--tvhead.tpl.php" server="ftp.localpoint-cms.com//home/lpcms/public_html/" local="129652199722295287" remote="129654635780000000" />
<file name="page--tvticker.tpl.php" server="ftp.localpoint-cms.com//home/lpcms/public_html/" local="129652199382898567" remote="129654635790000000" />
<file name="page.tpl.php" server="ftp.localpoint-cms.com:2222//home/lpcms/public_html/" local="129671264480000000" remote="129671264480000000" />
<file name="node.tpl.php" server="ftp.localpoint-cms.com:2222//home/lpcms/public_html/" local="129693001620000000" remote="129693001620000000" />
<file name="page--image_gallery.tpl.php" server="ftp.localpoint-cms.com:2222//home/lpcms/public_html/" local="129654635750000000" remote="129654635750000000" />
<file name="maintenance-page.tpl.php" server="ftp.localpoint-cms.com:2222//home/lpcms/public_html/" local="129654635610000000" remote="129654635610000000" />
<file name="field.tpl.php" server="ftp.localpoint-cms.com:2222//home/lpcms/public_html/" local="129654635260000000" remote="129654635260000000" />
<file name="page--nosidebar.tpl.php" server="ftp.localpoint-cms.com:2222//home/lpcms/public_html/" local="129654635760000000" remote="129654635760000000" />
<file name="block.tpl.php" server="ftp.localpoint-cms.com:2222//home/lpcms/public_html/" local="129654635200000000" remote="129654635200000000" />
<file name="page--album.tpl.php" server="ftp.localpoint-cms.com:2222//home/lpcms/public_html/" local="129665120840000000" remote="129665120840000000" />
<file name="menustyle.css" server="ftp.localpoint-cms.com:2222//home/lpcms/public_html/" local="129654635620000000" remote="129654635620000000" />
<file name="node--basic_page.tpl.php" server="ftp.localpoint-cms.com:2222//home/lpcms/public_html/" local="129654635640000000" remote="129654635640000000" />
<file name="theme-settings.php" server="ftp.localpoint-cms.com:2222//home/lpcms/public_html/" local="129618625550000000" remote="129618625550000000" />
<file name="views-view.tpl.php" server="ftp.localpoint-cms.com:2222//home/lpcms/public_html/" local="129657504900000000" remote="129657504900000000" />
<file name="page--tvticker.tpl.php" server="ftp.localpoint-cms.com:2222//home/lpcms/public_html/" local="129654635790000000" remote="129654635790000000" />
<file name="page--forms.tpl.php" server="ftp.localpoint-cms.com:2222//home/lpcms/public_html/" local="129654635740000000" remote="129654635740000000" />
<file name="template.php" server="ftp.localpoint-cms.com:2222//home/lpcms/public_html/" local="129657547750000000" remote="129657547750000000" />
<file name="field--taxonomy-term-reference.tpl.php" server="ftp.localpoint-cms.com:2222//home/lpcms/public_html/" local="129654635250000000" remote="129654635250000000" />
<file name="header1.php" server="ftp.localpoint-cms.com:2222//home/lpcms/public_html/" local="129654635290000000" remote="129654635290000000" />
<file name="comment.tpl.php" server="ftp.localpoint-cms.com:2222//home/lpcms/public_html/" local="129654635210000000" remote="129654635210000000" />
<file name="index.php" server="ftp.localpoint-cms.com:2222//home/lpcms/public_html/" local="129618625200000000" remote="129618625200000000" />
<file name="field--image_gallery.tpl.php" server="ftp.localpoint-cms.com:2222//home/lpcms/public_html/" local="129654635220000000" remote="129654635220000000" />
<file name="node--image_gallery.tpl.php" server="ftp.localpoint-cms.com:2222//home/lpcms/public_html/" local="129654635680000000" remote="129654635680000000" />
<file name="search-block-form.tpl.php" server="ftp.localpoint-cms.com:2222//home/lpcms/public_html/" local="129654635900000000" remote="129654635900000000" />
<file name="header.php" server="ftp.localpoint-cms.com:2222//home/lpcms/public_html/" local="129654635270000000" remote="129654635270000000" />
<file name="page--user.tpl.php" server="ftp.localpoint-cms.com:2222//home/lpcms/public_html/" local="129657207960000000" remote="129657207960000000" />
<file name="engadiner.jpg" server="ftp.localpoint-cms.com:2222//home/lpcms/public_html/" local="129618624410000000" remote="129618624410000000" />
<file name="genesis-base.png" server="ftp.localpoint-cms.com:2222//home/lpcms/public_html/" local="129618624480000000" remote="129618624480000000" />
<file name="node--forms.tpl.php" server="ftp.localpoint-cms.com:2222//home/lpcms/public_html/" local="129654635660000000" remote="129654635660000000" />
<file name="node--featured_article.tpl.php" server="ftp.localpoint-cms.com:2222//home/lpcms/public_html/" local="129654635650000000" remote="129654635650000000" />
<file name="html.tpl.php" server="ftp.localpoint-cms.com:2222//home/lpcms/public_html/" local="129654648260000000" remote="129654648260000000" />
<file name="page--tvhead.tpl.php" server="ftp.localpoint-cms.com:2222//home/lpcms/public_html/" local="129654635780000000" remote="129654635780000000" />
<file name="node--poll.tpl.php" server="ftp.localpoint-cms.com:2222//home/lpcms/public_html/" local="129658139360000000" remote="129658139360000000" />
<file name="node--rss_feeds.tpl.php" server="ftp.localpoint-cms.com:2222//home/lpcms/public_html/" local="129654635700000000" remote="129654635700000000" />
<file name="field--rss_feeds.tpl.php" server="ftp.localpoint-cms.com:2222//home/lpcms/public_html/" local="129654635240000000" remote="129654635240000000" />
<file name="node.tpl.php" server="localpoint-cms.com:2222//home/lpcms/public_html/" local="129744469927140462" remote="129744469990000000" />
<file name="node--extended_rss.tpl.php" server="localpoint-cms.com:2222//home/lpcms/public_html/" local="129742145407469603" remote="129742145440000000" />
<file name="localpointBlue.info" server="localpoint-cms.com:2222//home/lpcms/public_html/" local="129743680089670164" remote="129743680150000000" />
<file name="theme-settings.php" server="localpoint-cms.com:2222//home/lpcms/public_html/" local="129743684607917996" remote="129743684660000000" />
<file name="page--taxonomy.tpl.php" server="localpoint-cms.com:2222//home/lpcms/public_html/" local="129743677955616780" remote="129743678330000000" />
<file name="template.php" server="localpoint-cms.com:2222//home/lpcms/public_html/" local="129743682731517996" remote="129743682790000000" />
</dwsync>