<?xml version="1.0" encoding="utf-8" ?>
<dwsync>
<file name="Masthead_AvS_1.jpg" server="localpoint-cms.com//" local="129537985200000000" remote="129537985200000000" />
<file name="Masthead_AvS_2.jpg" server="localpoint-cms.com//" local="129537985200000000" remote="129537985200000000" />
<file name="Masthead_AvS_3.jpg" server="localpoint-cms.com//" local="129537985200000000" remote="129537985200000000" />
<file name="Maxiboard_Webdruck.jpg" server="localpoint-cms.com//" local="129537985200000000" remote="129537985200000000" />
<file name="Thumbs.db" server="localpoint-cms.com//" local="129605527800000000" remote="129605527800000000" />
<file name="bg-bar-lite.png" server="localpoint-cms.com//" local="129209274000000000" remote="129209274000000000" />
<file name="bg-bar.png" server="localpoint-cms.com//" local="129209274000000000" remote="129209274000000000" />
<file name="bg-footer-tile.png" server="localpoint-cms.com//" local="129211002000000000" remote="129211002000000000" />
<file name="bg-footer.png" server="localpoint-cms.com//" local="129209274000000000" remote="129209274000000000" />
<file name="bg-header.png" server="localpoint-cms.com//" local="129209274000000000" remote="129209274000000000" />
<file name="bg-lbar-lite.png" server="localpoint-cms.com//" local="129209274000000000" remote="129209274000000000" />
<file name="bg-lbar.png" server="localpoint-cms.com//" local="129209274000000000" remote="129209274000000000" />
<file name="bg-menu.png" server="localpoint-cms.com//" local="129209274000000000" remote="129209274000000000" />
<file name="bg-title.png" server="localpoint-cms.com//" local="129209274000000000" remote="129209274000000000" />
<file name="bg-wall.png" server="localpoint-cms.com//" local="129209274000000000" remote="129209274000000000" />
<file name="block-header-tile.png" server="localpoint-cms.com//" local="129209274000000000" remote="129209274000000000" />
<file name="block-tile.png" server="localpoint-cms.com//" local="129209274000000000" remote="129209274000000000" />
<file name="breadcrums.jpg" server="localpoint-cms.com//" local="129591615000000000" remote="129591615000000000" />
<file name="bullet-round.png" server="localpoint-cms.com//" local="129209274000000000" remote="129209274000000000" />
<file name="bullet-sm-arrow-down.png" server="localpoint-cms.com//" local="129209274000000000" remote="129209274000000000" />
<file name="bullet-sm-arrow-right.png" server="localpoint-cms.com//" local="129209274000000000" remote="129209274000000000" />
<file name="button-o.gif" server="localpoint-cms.com//" local="129209274000000000" remote="129209274000000000" />
<file name="button.gif" server="localpoint-cms.com//" local="129209274000000000" remote="129209274000000000" />
<file name="comment-arrow.png" server="localpoint-cms.com//" local="129605527800000000" remote="129605527800000000" />
<file name="comments.gif" server="localpoint-cms.com//" local="129537985200000000" remote="129537985200000000" />
<file name="error.png" server="localpoint-cms.com//" local="129537985200000000" remote="129537985200000000" />
<file name="facebook.jpg" server="localpoint-cms.com//" local="129537985200000000" remote="129537985200000000" />
<file name="favicon.ico" server="localpoint-cms.com//" local="129537985200000000" remote="129537985200000000" />
<file name="haed_back.jpg" server="localpoint-cms.com//" local="129537985200000000" remote="129537985200000000" />
<file name="header-tile.png" server="localpoint-cms.com//" local="129216186000000000" remote="129216186000000000" />
<file name="header.png" server="localpoint-cms.com//" local="129209274000000000" remote="129209274000000000" />
<file name="info.png" server="localpoint-cms.com//" local="129537985200000000" remote="129537985200000000" />
<file name="menu-tile.png" server="localpoint-cms.com//" local="129216186000000000" remote="129216186000000000" />
<file name="menu_accross_arrow.png" server="localpoint-cms.com//" local="129537985200000000" remote="129537985200000000" />
<file name="menu_down_arrow.png" server="localpoint-cms.com//" local="129537985200000000" remote="129537985200000000" />
<file name="rss.jpg" server="localpoint-cms.com//" local="129537985200000000" remote="129537985200000000" />
<file name="search.gif" server="localpoint-cms.com//" local="129537985200000000" remote="129537985200000000" />
<file name="status.png" server="localpoint-cms.com//" local="129537985200000000" remote="129537985200000000" />
<file name="success.png" server="localpoint-cms.com//" local="129537985200000000" remote="129537985200000000" />
<file name="twitter.jpg" server="localpoint-cms.com//" local="129537985200000000" remote="129537985200000000" />
<file name="warning.png" server="localpoint-cms.com//" local="129537985200000000" remote="129537985200000000" />
<file name="bg-bar-lite.png" server="ftp.localpoint-cms.com//home/lpcms/public_html/" local="129209274000000000" remote="129618624560000000" />
<file name="bg-bar.png" server="ftp.localpoint-cms.com//home/lpcms/public_html/" local="129209274000000000" remote="129618624580000000" />
<file name="bg-footer-tile.png" server="ftp.localpoint-cms.com//home/lpcms/public_html/" local="129211002000000000" remote="129618624590000000" />
<file name="bg-footer.png" server="ftp.localpoint-cms.com//home/lpcms/public_html/" local="129209274000000000" remote="129618624600000000" />
<file name="bg-header.png" server="ftp.localpoint-cms.com//home/lpcms/public_html/" local="129209274000000000" remote="129618624620000000" />
<file name="bg-lbar-lite.png" server="ftp.localpoint-cms.com//home/lpcms/public_html/" local="129209274000000000" remote="129618624630000000" />
<file name="bg-lbar.png" server="ftp.localpoint-cms.com//home/lpcms/public_html/" local="129209274000000000" remote="129618624640000000" />
<file name="bg-menu.png" server="ftp.localpoint-cms.com//home/lpcms/public_html/" local="129209274000000000" remote="129618624660000000" />
<file name="bg-title.png" server="ftp.localpoint-cms.com//home/lpcms/public_html/" local="129209274000000000" remote="129618624670000000" />
<file name="bg-wall.png" server="ftp.localpoint-cms.com//home/lpcms/public_html/" local="129209274000000000" remote="129618624680000000" />
<file name="block-header-tile.png" server="ftp.localpoint-cms.com//home/lpcms/public_html/" local="129209274000000000" remote="129618624700000000" />
<file name="block-tile.png" server="ftp.localpoint-cms.com//home/lpcms/public_html/" local="129209274000000000" remote="129618624710000000" />
<file name="breadcrums.jpg" server="ftp.localpoint-cms.com//home/lpcms/public_html/" local="129591615000000000" remote="129618624720000000" />
<file name="bullet-round.png" server="ftp.localpoint-cms.com//home/lpcms/public_html/" local="129209274000000000" remote="129618624740000000" />
<file name="bullet-sm-arrow-down.png" server="ftp.localpoint-cms.com//home/lpcms/public_html/" local="129209274000000000" remote="129618624750000000" />
<file name="bullet-sm-arrow-right.png" server="ftp.localpoint-cms.com//home/lpcms/public_html/" local="129209274000000000" remote="129618624760000000" />
<file name="button-o.gif" server="ftp.localpoint-cms.com//home/lpcms/public_html/" local="129209274000000000" remote="129618624780000000" />
<file name="button.gif" server="ftp.localpoint-cms.com//home/lpcms/public_html/" local="129209274000000000" remote="129618624790000000" />
<file name="comment-arrow.png" server="ftp.localpoint-cms.com//home/lpcms/public_html/" local="129605527800000000" remote="129618624800000000" />
<file name="comments.gif" server="ftp.localpoint-cms.com//home/lpcms/public_html/" local="129537985200000000" remote="129618624820000000" />
<file name="error.png" server="ftp.localpoint-cms.com//home/lpcms/public_html/" local="129537985200000000" remote="129618624830000000" />
<file name="facebook.jpg" server="ftp.localpoint-cms.com//home/lpcms/public_html/" local="129537985200000000" remote="129618624850000000" />
<file name="favicon.ico" server="ftp.localpoint-cms.com//home/lpcms/public_html/" local="129537985200000000" remote="129618624860000000" />
<file name="haed_back.jpg" server="ftp.localpoint-cms.com//home/lpcms/public_html/" local="129537985200000000" remote="129618624880000000" />
<file name="header-tile.png" server="ftp.localpoint-cms.com//home/lpcms/public_html/" local="129216186000000000" remote="129618624890000000" />
<file name="header.png" server="ftp.localpoint-cms.com//home/lpcms/public_html/" local="129209274000000000" remote="129618624900000000" />
<file name="info.png" server="ftp.localpoint-cms.com//home/lpcms/public_html/" local="129537985200000000" remote="129618624920000000" />
<file name="Masthead_AvS_1.jpg" server="ftp.localpoint-cms.com//home/lpcms/public_html/" local="129537985200000000" remote="129618624940000000" />
<file name="Masthead_AvS_2.jpg" server="ftp.localpoint-cms.com//home/lpcms/public_html/" local="129537985200000000" remote="129618624970000000" />
<file name="Masthead_AvS_3.jpg" server="ftp.localpoint-cms.com//home/lpcms/public_html/" local="129537985200000000" remote="129618624980000000" />
<file name="Maxiboard_Webdruck.jpg" server="ftp.localpoint-cms.com//home/lpcms/public_html/" local="129537985200000000" remote="129618625030000000" />
<file name="menu-tile.png" server="ftp.localpoint-cms.com//home/lpcms/public_html/" local="129216186000000000" remote="129618625040000000" />
<file name="menu_accross_arrow.png" server="ftp.localpoint-cms.com//home/lpcms/public_html/" local="129537985200000000" remote="129618625050000000" />
<file name="menu_down_arrow.png" server="ftp.localpoint-cms.com//home/lpcms/public_html/" local="129537985200000000" remote="129618625070000000" />
<file name="rss.jpg" server="ftp.localpoint-cms.com//home/lpcms/public_html/" local="129537985200000000" remote="129618625080000000" />
<file name="search.gif" server="ftp.localpoint-cms.com//home/lpcms/public_html/" local="129537985200000000" remote="129618625090000000" />
<file name="status.png" server="ftp.localpoint-cms.com//home/lpcms/public_html/" local="129537985200000000" remote="129618625110000000" />
<file name="success.png" server="ftp.localpoint-cms.com//home/lpcms/public_html/" local="129537985200000000" remote="129618625120000000" />
<file name="twitter.jpg" server="ftp.localpoint-cms.com//home/lpcms/public_html/" local="129537985200000000" remote="129618625130000000" />
<file name="warning.png" server="ftp.localpoint-cms.com//home/lpcms/public_html/" local="129537985200000000" remote="129618625150000000" />
<file name="pause_hot.png" server="ftp.localpoint-cms.com//home/lpcms/public_html/" local="129616805957716317" remote="129621945740000000" />
<file name="play_hot.png" server="ftp.localpoint-cms.com//home/lpcms/public_html/" local="129470576282166122" remote="129621945750000000" />
<file name="header-tile.png" server="ftp.localpoint-cms.com:2222//home/lpcms/public_html/" local="129618624890000000" remote="129618624890000000" />
<file name="bg-bar.png" server="ftp.localpoint-cms.com:2222//home/lpcms/public_html/" local="129618624580000000" remote="129618624580000000" />
<file name="pause_hot.png" server="ftp.localpoint-cms.com:2222//home/lpcms/public_html/" local="129621945740000000" remote="129621945740000000" />
<file name="warning.png" server="ftp.localpoint-cms.com:2222//home/lpcms/public_html/" local="129618625150000000" remote="129618625150000000" />
<file name="block-tile.png" server="ftp.localpoint-cms.com:2222//home/lpcms/public_html/" local="129618624710000000" remote="129618624710000000" />
<file name="block-header-tile.png" server="ftp.localpoint-cms.com:2222//home/lpcms/public_html/" local="129618624700000000" remote="129618624700000000" />
<file name="comments.gif" server="ftp.localpoint-cms.com:2222//home/lpcms/public_html/" local="129618624820000000" remote="129618624820000000" />
<file name="Masthead_AvS_2.jpg" server="ftp.localpoint-cms.com:2222//home/lpcms/public_html/" local="129618624970000000" remote="129618624970000000" />
<file name="Masthead_AvS_3.jpg" server="ftp.localpoint-cms.com:2222//home/lpcms/public_html/" local="129618624980000000" remote="129618624980000000" />
<file name="bg-title.png" server="ftp.localpoint-cms.com:2222//home/lpcms/public_html/" local="129618624670000000" remote="129618624670000000" />
<file name="search.gif" server="ftp.localpoint-cms.com:2222//home/lpcms/public_html/" local="129618625090000000" remote="129618625090000000" />
<file name="breadcrums.jpg" server="ftp.localpoint-cms.com:2222//home/lpcms/public_html/" local="129618624720000000" remote="129618624720000000" />
<file name="bg-header.png" server="ftp.localpoint-cms.com:2222//home/lpcms/public_html/" local="129618624620000000" remote="129618624620000000" />
<file name="info.png" server="ftp.localpoint-cms.com:2222//home/lpcms/public_html/" local="129618624920000000" remote="129618624920000000" />
<file name="bg-wall.png" server="ftp.localpoint-cms.com:2222//home/lpcms/public_html/" local="129618624680000000" remote="129618624680000000" />
<file name="menu-tile.png" server="ftp.localpoint-cms.com:2222//home/lpcms/public_html/" local="129618625040000000" remote="129618625040000000" />
<file name="Masthead_AvS_1.jpg" server="ftp.localpoint-cms.com:2222//home/lpcms/public_html/" local="129618624940000000" remote="129618624940000000" />
<file name="facebook.jpg" server="ftp.localpoint-cms.com:2222//home/lpcms/public_html/" local="129618624850000000" remote="129618624850000000" />
<file name="Maxiboard_Webdruck.jpg" server="ftp.localpoint-cms.com:2222//home/lpcms/public_html/" local="129618625030000000" remote="129618625030000000" />
<file name="favicon.ico" server="ftp.localpoint-cms.com:2222//home/lpcms/public_html/" local="129618624860000000" remote="129618624860000000" />
<file name="button.gif" server="ftp.localpoint-cms.com:2222//home/lpcms/public_html/" local="129618624790000000" remote="129618624790000000" />
<file name="haed_back.jpg" server="ftp.localpoint-cms.com:2222//home/lpcms/public_html/" local="129618624880000000" remote="129618624880000000" />
<file name="header.png" server="ftp.localpoint-cms.com:2222//home/lpcms/public_html/" local="129618624900000000" remote="129618624900000000" />
<file name="rss.jpg" server="ftp.localpoint-cms.com:2222//home/lpcms/public_html/" local="129618625080000000" remote="129618625080000000" />
<file name="comment-arrow.png" server="ftp.localpoint-cms.com:2222//home/lpcms/public_html/" local="129618624800000000" remote="129618624800000000" />
<file name="status.png" server="ftp.localpoint-cms.com:2222//home/lpcms/public_html/" local="129618625110000000" remote="129618625110000000" />
<file name="bullet-sm-arrow-down.png" server="ftp.localpoint-cms.com:2222//home/lpcms/public_html/" local="129618624750000000" remote="129618624750000000" />
<file name="bg-lbar.png" server="ftp.localpoint-cms.com:2222//home/lpcms/public_html/" local="129618624640000000" remote="129618624640000000" />
<file name="bg-lbar-lite.png" server="ftp.localpoint-cms.com:2222//home/lpcms/public_html/" local="129618624630000000" remote="129618624630000000" />
<file name="bullet-sm-arrow-right.png" server="ftp.localpoint-cms.com:2222//home/lpcms/public_html/" local="129618624760000000" remote="129618624760000000" />
<file name="play_hot.png" server="ftp.localpoint-cms.com:2222//home/lpcms/public_html/" local="129621945750000000" remote="129621945750000000" />
<file name="error.png" server="ftp.localpoint-cms.com:2222//home/lpcms/public_html/" local="129618624830000000" remote="129618624830000000" />
<file name="bg-footer.png" server="ftp.localpoint-cms.com:2222//home/lpcms/public_html/" local="129618624600000000" remote="129618624600000000" />
<file name="success.png" server="ftp.localpoint-cms.com:2222//home/lpcms/public_html/" local="129618625120000000" remote="129618625120000000" />
<file name="bg-footer-tile.png" server="ftp.localpoint-cms.com:2222//home/lpcms/public_html/" local="129618624590000000" remote="129618624590000000" />
<file name="bg-menu.png" server="ftp.localpoint-cms.com:2222//home/lpcms/public_html/" local="129618624660000000" remote="129618624660000000" />
<file name="menu_down_arrow.png" server="ftp.localpoint-cms.com:2222//home/lpcms/public_html/" local="129618625070000000" remote="129618625070000000" />
<file name="button-o.gif" server="ftp.localpoint-cms.com:2222//home/lpcms/public_html/" local="129618624780000000" remote="129618624780000000" />
<file name="menu_accross_arrow.png" server="ftp.localpoint-cms.com:2222//home/lpcms/public_html/" local="129618625050000000" remote="129618625050000000" />
<file name="bg-bar-lite.png" server="ftp.localpoint-cms.com:2222//home/lpcms/public_html/" local="129618624560000000" remote="129618624560000000" />
<file name="twitter.jpg" server="ftp.localpoint-cms.com:2222//home/lpcms/public_html/" local="129618625130000000" remote="129618625130000000" />
<file name="bullet-round.png" server="ftp.localpoint-cms.com:2222//home/lpcms/public_html/" local="129618624740000000" remote="129618624740000000" />
</dwsync>